,CANTON,EDAD,ES URBANO,SEXO,ES DEPENDIENTE,ESTADO VIVIENDA,E.HACINAMIENTO,ALFABETIZACIÃ“N,ESCOLARIDAD PROMEDIO,ASISTENCIA EDUCACION,FUERZA DE TRABAJO,SEGURO,N.EXTRANJERO,C.DISCAPACIDAD,POBLACION TOTAL,SUPERFICIE,DENSIDAD POBLACION,VIVIENDAS INDIVIDUALES OCUPADAS,PROMEDIO DE OCUPANTES,P.JEFAT.FEMENINA,P.JEFAT.COMPARTIDA,VOTO
0,SAN RAFAEL,47,URBANO,F,NO DEPENDIENTE,V. MAL ESTADO,V. NO HACINADA,ALFABETIZADO,11.6,EDUCACION REGULAR INACTIVA,EMPLEADO,NO ASEGURADO,NO EXTRANJERO,NO DISCAPACITADO,45965,48.4,950,12957,3.54,30.5,10.3,ACCION CIUDADANA
1,LA UNION,48,URBANO,M,NO DEPENDIENTE,V. MAL ESTADO,V. NO HACINADA,ALFABETIZADO,8.2,EN EDUCACION REGULAR,DESEMPLEADO,NO ASEGURADO,NO EXTRANJERO,NO DISCAPACITADO,99399,44.8,2217,26979,3.67,31.5,8.4,INTEGRACION NACIONAL
2,DESAMPARADOS,39,URBANO,M,NO DEPENDIENTE,V. BUEN ESTADO,V. NO HACINADA,ALFABETIZADO,8.6,EDUCACION REGULAR INACTIVA,EMPLEADO,NO ASEGURADO,NO EXTRANJERO,NO DISCAPACITADO,208411,118.3,1762,57355,3.62,34.2,6.9,INTEGRACION NACIONAL
3,TURRUBARES,62,NO URBANO,F,NO DEPENDIENTE,V. MAL ESTADO,V. NO HACINADA,ALFABETIZADO,6.2,EDUCACION REGULAR INACTIVA,DESEMPLEADO,ASEGURADO,NO EXTRANJERO,NO DISCAPACITADO,5512,415.3,13,1679,3.27,24.2,10.9,LIBERACION NACIONAL
4,PUNTARENAS,61,URBANO,M,NO DEPENDIENTE,V. MAL ESTADO,V. NO HACINADA,ALFABETIZADO,5.4,EN EDUCACION REGULAR,DESEMPLEADO,ASEGURADO,NO EXTRANJERO,DISCAPACITADO,115019,1842.3,62,33228,3.44,29.9,4.8,RESTAURACION NACIONAL
5,ATENAS,40,URBANO,F,NO DEPENDIENTE,V. MAL ESTADO,V. NO HACINADA,ALFABETIZADO,7.4,EDUCACION REGULAR INACTIVA,EMPLEADO,NO ASEGURADO,NO EXTRANJERO,NO DISCAPACITADO,25460,127.2,200,7472,3.41,22.9,8.5,ACCION CIUDADANA
6,MORA,27,NO URBANO,F,NO DEPENDIENTE,V. BUEN ESTADO,V. NO HACINADA,ALFABETIZADO,8.9,EDUCACION REGULAR INACTIVA,EMPLEADO,NO ASEGURADO,NO EXTRANJERO,NO DISCAPACITADO,26294,162.0,162,7782,3.38,28.7,10.1,UNIDAD SOCIAL CRISTIANA
7,PARAISO,50,NO URBANO,F,NO DEPENDIENTE,V. BUEN ESTADO,V. NO HACINADA,ALFABETIZADO,6.0,EDUCACION REGULAR INACTIVA,DESEMPLEADO,NO ASEGURADO,NO EXTRANJERO,NO DISCAPACITADO,57743,411.9,140,14626,3.94,26.0,4.9,LIBERACION NACIONAL
8,HEREDIA,43,URBANO,F,NO DEPENDIENTE,V. MAL ESTADO,V. NO HACINADA,ALFABETIZADO,13.2,EDUCACION REGULAR INACTIVA,EMPLEADO,NO ASEGURADO,NO EXTRANJERO,NO DISCAPACITADO,123616,282.6,437,35216,3.5,34.9,9.2,RESTAURACION NACIONAL
9,VAZQUEZ DE CORONADO,24,URBANO,M,NO DEPENDIENTE,V. BUEN ESTADO,V. NO HACINADA,ALFABETIZADO,8.8,EDUCACION REGULAR INACTIVA,EMPLEADO,NO ASEGURADO,NO EXTRANJERO,DISCAPACITADO,60486,222.2,272,17155,3.52,31.3,8.1,UNIDAD SOCIAL CRISTIANA
10,SAN JOSE,50,URBANO,F,NO DEPENDIENTE,V. BUEN ESTADO,V. NO HACINADA,ALFABETIZADO,11.2,EDUCACION REGULAR INACTIVA,EMPLEADO,NO ASEGURADO,NO EXTRANJERO,NO DISCAPACITADO,288054,44.6,6456,81903,3.5,39.6,6.9,RESTAURACION NACIONAL
11,SAN RAMON,48,NO URBANO,F,NO DEPENDIENTE,V. BUEN ESTADO,V. NO HACINADA,ALFABETIZADO,8.0,EDUCACION REGULAR INACTIVA,DESEMPLEADO,ASEGURADO,NO EXTRANJERO,NO DISCAPACITADO,80566,1018.6,79,23301,3.44,28.4,8.3,ACCION CIUDADANA
12,SIQUIRRES,48,NO URBANO,F,NO DEPENDIENTE,V. MAL ESTADO,V. NO HACINADA,ALFABETIZADO,5.2,EN EDUCACION REGULAR,DESEMPLEADO,NO ASEGURADO,NO EXTRANJERO,NO DISCAPACITADO,56786,860.2,66,16206,3.49,25.0,6.6,LIBERACION NACIONAL
13,MATINA,60,NO URBANO,M,NO DEPENDIENTE,V. BUEN ESTADO,V. NO HACINADA,ALFABETIZADO,6.9,EDUCACION REGULAR INACTIVA,DESEMPLEADO,NO ASEGURADO,NO EXTRANJERO,NO DISCAPACITADO,37721,772.6,49,10410,3.59,22.6,2.7,RENOVACION COSTARRICENSE
14,VAZQUEZ DE CORONADO,46,URBANO,M,NO DEPENDIENTE,V. BUEN ESTADO,V. NO HACINADA,ALFABETIZADO,9.8,EDUCACION REGULAR INACTIVA,EMPLEADO,NO ASEGURADO,NO EXTRANJERO,NO DISCAPACITADO,60486,222.2,272,17155,3.52,31.3,8.1,LIBERACION NACIONAL
15,DESAMPARADOS,64,URBANO,F,NO DEPENDIENTE,V. MAL ESTADO,V. NO HACINADA,ALFABETIZADO,6.7,EDUCACION REGULAR INACTIVA,DESEMPLEADO,NO ASEGURADO,NO EXTRANJERO,NO DISCAPACITADO,208411,118.3,1762,57355,3.62,34.2,6.9,ACCION CIUDADANA
16,CURRIDABAT,57,URBANO,F,NO DEPENDIENTE,V. BUEN ESTADO,V. NO HACINADA,ALFABETIZADO,9.4,EDUCACION REGULAR INACTIVA,DESEMPLEADO,NO ASEGURADO,EXTRANJERO,NO DISCAPACITADO,65206,15.9,4088,19146,3.4,35.2,8.5,UNIDAD SOCIAL CRISTIANA
17,ESCAZU,38,URBANO,M,NO DEPENDIENTE,V. BUEN ESTADO,V. NO HACINADA,ALFABETIZADO,9.4,EDUCACION REGULAR INACTIVA,EMPLEADO,NO ASEGURADO,NO EXTRANJERO,NO DISCAPACITADO,56509,34.5,1638,16565,3.4,32.5,8.7,UNIDAD SOCIAL CRISTIANA
18,TIBAS,21,URBANO,M,NO DEPENDIENTE,V. BUEN ESTADO,V. NO HACINADA,ALFABETIZADO,11.1,EN EDUCACION REGULAR,DESEMPLEADO,NO ASEGURADO,NO EXTRANJERO,NO DISCAPACITADO,64842,8.1,7956,19160,3.38,40.1,7.6,ALIANZA DEMOCRATA CRISTIANA
19,DESAMPARADOS,22,URBANO,F,NO DEPENDIENTE,V. BUEN ESTADO,V. NO HACINADA,ALFABETIZADO,9.6,EDUCACION REGULAR INACTIVA,EMPLEADO,NO ASEGURADO,NO EXTRANJERO,NO DISCAPACITADO,208411,118.3,1762,57355,3.62,34.2,6.9,LIBERACION NACIONAL
20,BARVA,55,URBANO,F,NO DEPENDIENTE,V. BUEN ESTADO,V. NO HACINADA,ALFABETIZADO,7.8,EDUCACION REGULAR INACTIVA,DESEMPLEADO,NO ASEGURADO,NO EXTRANJERO,NO DISCAPACITADO,40660,53.8,756,11291,3.59,27.4,9.5,ACCION CIUDADANA
21,BARVA,46,URBANO,F,NO DEPENDIENTE,V. BUEN ESTADO,V. NO HACINADA,ALFABETIZADO,8.9,EDUCACION REGULAR INACTIVA,DESEMPLEADO,NO ASEGURADO,NO EXTRANJERO,NO DISCAPACITADO,40660,53.8,756,11291,3.59,27.4,9.5,ACCION CIUDADANA
22,GOICOECHEA,61,URBANO,M,NO DEPENDIENTE,V. BUEN ESTADO,V. NO HACINADA,ALFABETIZADO,6.7,EN EDUCACION REGULAR,DESEMPLEADO,NO ASEGURADO,NO EXTRANJERO,NO DISCAPACITADO,115084,31.5,3653,32520,3.53,37.1,7.3,RESTAURACION NACIONAL
23,SANTA ANA,38,URBANO,F,NO DEPENDIENTE,V. MAL ESTADO,V. NO HACINADA,ALFABETIZADO,10.2,EDUCACION REGULAR INACTIVA,DESEMPLEADO,NO ASEGURADO,NO EXTRANJERO,NO DISCAPACITADO,49123,61.4,800,14235,3.43,29.8,10.2,LIBERACION NACIONAL
24,GOICOECHEA,50,NO URBANO,F,NO DEPENDIENTE,V. BUEN ESTADO,V. NO HACINADA,ALFABETIZADO,8.7,EDUCACION REGULAR INACTIVA,DESEMPLEADO,NO ASEGURADO,NO EXTRANJERO,NO DISCAPACITADO,115084,31.5,3653,32520,3.53,37.1,7.3,UNIDAD SOCIAL CRISTIANA
25,LIBERIA,55,URBANO,F,NO DEPENDIENTE,V. MAL ESTADO,V. NO HACINADA,ALFABETIZADO,6.5,EDUCACION REGULAR INACTIVA,DESEMPLEADO,NO ASEGURADO,NO EXTRANJERO,NO DISCAPACITADO,62987,1436.5,44,16577,3.75,33.1,7.5,LIBERACION NACIONAL
26,ESCAZU,29,URBANO,F,NO DEPENDIENTE,V. BUEN ESTADO,V. NO HACINADA,ALFABETIZADO,11.4,EDUCACION REGULAR INACTIVA,DESEMPLEADO,NO ASEGURADO,NO EXTRANJERO,NO DISCAPACITADO,56509,34.5,1638,16565,3.4,32.5,8.7,ACCION CIUDADANA
27,BARVA,28,URBANO,M,NO DEPENDIENTE,V. BUEN ESTADO,V. NO HACINADA,ALFABETIZADO,11.9,EDUCACION REGULAR INACTIVA,EMPLEADO,NO ASEGURADO,NO EXTRANJERO,NO DISCAPACITADO,40660,53.8,756,11291,3.59,27.4,9.5,ACCION CIUDADANA
28,GRECIA,41,NO URBANO,M,NO DEPENDIENTE,V. MAL ESTADO,V. NO HACINADA,ALFABETIZADO,10.8,EDUCACION REGULAR INACTIVA,EMPLEADO,NO ASEGURADO,NO EXTRANJERO,NO DISCAPACITADO,76898,395.7,194,21709,3.53,24.0,7.0,RESTAURACION NACIONAL
29,JIMENEZ,32,URBANO,F,NO DEPENDIENTE,V. BUEN ESTADO,V. NO HACINADA,NO ALFABETIZADO,5.4,EDUCACION REGULAR INACTIVA,DESEMPLEADO,NO ASEGURADO,NO EXTRANJERO,NO DISCAPACITADO,14669,286.4,51,4113,3.56,25.6,10.0,LIBERACION NACIONAL
30,GOICOECHEA,50,URBANO,F,NO DEPENDIENTE,V. BUEN ESTADO,V. NO HACINADA,ALFABETIZADO,10.7,EDUCACION REGULAR INACTIVA,EMPLEADO,NO ASEGURADO,NO EXTRANJERO,NO DISCAPACITADO,115084,31.5,3653,32520,3.53,37.1,7.3,INTEGRACION NACIONAL
31,VAZQUEZ DE CORONADO,30,URBANO,F,NO DEPENDIENTE,V. MAL ESTADO,V. NO HACINADA,ALFABETIZADO,11.8,EDUCACION REGULAR INACTIVA,DESEMPLEADO,NO ASEGURADO,NO EXTRANJERO,NO DISCAPACITADO,60486,222.2,272,17155,3.52,31.3,8.1,ACCION CIUDADANA
32,ESCAZU,28,URBANO,M,NO DEPENDIENTE,V. BUEN ESTADO,V. NO HACINADA,ALFABETIZADO,11.4,EDUCACION REGULAR INACTIVA,EMPLEADO,ASEGURADO,NO EXTRANJERO,NO DISCAPACITADO,56509,34.5,1638,16565,3.4,32.5,8.7,FRENTE AMPLIO
33,MONTES DE OCA,53,URBANO,M,NO DEPENDIENTE,V. BUEN ESTADO,V. NO HACINADA,ALFABETIZADO,10.2,EDUCACION REGULAR INACTIVA,EMPLEADO,ASEGURADO,NO EXTRANJERO,NO DISCAPACITADO,49132,15.2,3241,16589,2.94,40.4,9.9,RESTAURACION NACIONAL
34,CARTAGO,37,URBANO,F,NO DEPENDIENTE,V. MAL ESTADO,V. NO HACINADA,ALFABETIZADO,10.8,EDUCACION REGULAR INACTIVA,DESEMPLEADO,NO ASEGURADO,NO EXTRANJERO,DISCAPACITADO,147898,287.8,514,38618,3.8,28.7,6.4,ACCION CIUDADANA
35,GARABITO,26,NO URBANO,M,NO DEPENDIENTE,V. BUEN ESTADO,V. HACINADA,ALFABETIZADO,9.9,EDUCACION REGULAR INACTIVA,EMPLEADO,ASEGURADO,EXTRANJERO,NO DISCAPACITADO,17229,316.3,54,5313,3.24,27.5,4.5,LIBERACION NACIONAL
36,BUENOS AIRES,59,NO URBANO,M,NO DEPENDIENTE,V. MAL ESTADO,V. NO HACINADA,ALFABETIZADO,6.4,EDUCACION REGULAR INACTIVA,EMPLEADO,ASEGURADO,NO EXTRANJERO,NO DISCAPACITADO,45244,2384.2,19,12205,3.7,25.3,6.7,RESTAURACION NACIONAL
37,MATINA,21,NO URBANO,F,NO DEPENDIENTE,V. BUEN ESTADO,V. NO HACINADA,ALFABETIZADO,6.7,EDUCACION REGULAR INACTIVA,EMPLEADO,NO ASEGURADO,NO EXTRANJERO,NO DISCAPACITADO,37721,772.6,49,10410,3.59,22.6,2.7,LIBERACION NACIONAL
38,PALMARES,63,NO URBANO,M,NO DEPENDIENTE,V. BUEN ESTADO,V. NO HACINADA,ALFABETIZADO,8.2,EDUCACION REGULAR INACTIVA,EMPLEADO,ASEGURADO,NO EXTRANJERO,NO DISCAPACITADO,34716,38.1,912,9657,3.58,27.6,9.5,REPUBLICANO SOCIAL CRISTIANO
39,PALMARES,50,URBANO,M,NO DEPENDIENTE,V. BUEN ESTADO,V. NO HACINADA,ALFABETIZADO,5.2,EDUCACION REGULAR INACTIVA,EMPLEADO,NO ASEGURADO,NO EXTRANJERO,NO DISCAPACITADO,34716,38.1,912,9657,3.58,27.6,9.5,UNIDAD SOCIAL CRISTIANA
40,GOICOECHEA,50,URBANO,F,NO DEPENDIENTE,V. BUEN ESTADO,V. NO HACINADA,ALFABETIZADO,9.7,EDUCACION REGULAR INACTIVA,DESEMPLEADO,NO ASEGURADO,NO EXTRANJERO,NO DISCAPACITADO,115084,31.5,3653,32520,3.53,37.1,7.3,RESTAURACION NACIONAL
41,DESAMPARADOS,48,URBANO,F,NO DEPENDIENTE,V. MAL ESTADO,V. NO HACINADA,ALFABETIZADO,7.6,EDUCACION REGULAR INACTIVA,DESEMPLEADO,NO ASEGURADO,NO EXTRANJERO,NO DISCAPACITADO,208411,118.3,1762,57355,3.62,34.2,6.9,RESTAURACION NACIONAL
42,SAN JOSE,36,URBANO,F,NO DEPENDIENTE,V. MAL ESTADO,V. NO HACINADA,ALFABETIZADO,9.3,EDUCACION REGULAR INACTIVA,DESEMPLEADO,NO ASEGURADO,NO EXTRANJERO,NO DISCAPACITADO,288054,44.6,6456,81903,3.5,39.6,6.9,INTEGRACION NACIONAL
43,DESAMPARADOS,34,NO URBANO,M,NO DEPENDIENTE,V. BUEN ESTADO,V. NO HACINADA,ALFABETIZADO,11.6,EDUCACION REGULAR INACTIVA,DESEMPLEADO,NO ASEGURADO,NO EXTRANJERO,NO DISCAPACITADO,208411,118.3,1762,57355,3.62,34.2,6.9,FRENTE AMPLIO
44,SANTO DOMINGO,37,URBANO,M,NO DEPENDIENTE,V. MAL ESTADO,V. NO HACINADA,ALFABETIZADO,11.2,EN EDUCACION REGULAR,EMPLEADO,NO ASEGURADO,NO EXTRANJERO,NO DISCAPACITADO,40072,24.8,1613,11496,3.48,30.4,10.1,LIBERACION NACIONAL
45,PALMARES,64,NO URBANO,F,NO DEPENDIENTE,V. BUEN ESTADO,V. NO HACINADA,ALFABETIZADO,5.2,EDUCACION REGULAR INACTIVA,DESEMPLEADO,NO ASEGURADO,NO EXTRANJERO,NO DISCAPACITADO,34716,38.1,912,9657,3.58,27.6,9.5,ACCION CIUDADANA
46,ACOSTA,59,NO URBANO,F,NO DEPENDIENTE,V. BUEN ESTADO,V. NO HACINADA,ALFABETIZADO,6.0,EDUCACION REGULAR INACTIVA,EMPLEADO,NO ASEGURADO,NO EXTRANJERO,NO DISCAPACITADO,20209,342.2,59,5871,3.44,26.5,4.9,UNIDAD SOCIAL CRISTIANA
47,CARTAGO,41,URBANO,F,NO DEPENDIENTE,V. BUEN ESTADO,V. NO HACINADA,ALFABETIZADO,10.8,EDUCACION REGULAR INACTIVA,DESEMPLEADO,NO ASEGURADO,NO EXTRANJERO,NO DISCAPACITADO,147898,287.8,514,38618,3.8,28.7,6.4,INTEGRACION NACIONAL
48,LEON CORTES CASTRO,21,URBANO,F,NO DEPENDIENTE,V. BUEN ESTADO,V. NO HACINADA,ALFABETIZADO,7.1,EDUCACION REGULAR INACTIVA,DESEMPLEADO,NO ASEGURADO,NO EXTRANJERO,NO DISCAPACITADO,12200,120.8,101,3377,3.61,21.7,5.7,UNIDAD SOCIAL CRISTIANA
49,TARRAZU,35,NO URBANO,M,NO DEPENDIENTE,V. BUEN ESTADO,V. NO HACINADA,ALFABETIZADO,7.5,EDUCACION REGULAR INACTIVA,EMPLEADO,NO ASEGURADO,NO EXTRANJERO,NO DISCAPACITADO,16280,297.5,55,4551,3.58,23.0,13.2,RESTAURACION NACIONAL
50,SAN JOSE,49,URBANO,F,NO DEPENDIENTE,V. BUEN ESTADO,V. NO HACINADA,ALFABETIZADO,8.3,EDUCACION REGULAR INACTIVA,DESEMPLEADO,NO ASEGURADO,NO EXTRANJERO,NO DISCAPACITADO,288054,44.6,6456,81903,3.5,39.6,6.9,ACCION CIUDADANA
51,ALAJUELA,64,URBANO,F,NO DEPENDIENTE,V. BUEN ESTADO,V. NO HACINADA,ALFABETIZADO,8.4,EDUCACION REGULAR INACTIVA,DESEMPLEADO,NO ASEGURADO,NO EXTRANJERO,NO DISCAPACITADO,254886,388.4,656,72031,3.49,28.2,7.6,INTEGRACION NACIONAL
52,NARANJO,34,URBANO,F,NO DEPENDIENTE,V. BUEN ESTADO,V. NO HACINADA,ALFABETIZADO,9.5,EN EDUCACION REGULAR,DESEMPLEADO,NO ASEGURADO,NO EXTRANJERO,NO DISCAPACITADO,42713,126.6,337,11678,3.65,26.4,7.2,ACCION CIUDADANA
53,SAN RAMON,25,URBANO,M,NO DEPENDIENTE,V. BUEN ESTADO,V. NO HACINADA,ALFABETIZADO,11.0,EDUCACION REGULAR INACTIVA,EMPLEADO,NO ASEGURADO,NO EXTRANJERO,NO DISCAPACITADO,80566,1018.6,79,23301,3.44,28.4,8.3,RESTAURACION NACIONAL
54,ALAJUELA,54,URBANO,M,NO DEPENDIENTE,V. BUEN ESTADO,V. NO HACINADA,ALFABETIZADO,5.4,EDUCACION REGULAR INACTIVA,EMPLEADO,NO ASEGURADO,EXTRANJERO,NO DISCAPACITADO,254886,388.4,656,72031,3.49,28.2,7.6,LIBERACION NACIONAL
55,PUNTARENAS,48,URBANO,F,NO DEPENDIENTE,V. BUEN ESTADO,V. NO HACINADA,ALFABETIZADO,6.3,EDUCACION REGULAR INACTIVA,DESEMPLEADO,NO ASEGURADO,NO EXTRANJERO,NO DISCAPACITADO,115019,1842.3,62,33228,3.44,29.9,4.8,ACCION CIUDADANA
56,PARAISO,30,URBANO,F,NO DEPENDIENTE,V. MAL ESTADO,V. HACINADA,ALFABETIZADO,10.3,EDUCACION REGULAR INACTIVA,DESEMPLEADO,NO ASEGURADO,NO EXTRANJERO,NO DISCAPACITADO,57743,411.9,140,14626,3.94,26.0,4.9,RESTAURACION NACIONAL
57,FLORES,40,URBANO,M,NO DEPENDIENTE,V. BUEN ESTADO,V. NO HACINADA,ALFABETIZADO,10.5,EDUCACION REGULAR INACTIVA,DESEMPLEADO,NO ASEGURADO,NO EXTRANJERO,NO DISCAPACITADO,20037,7.0,2879,5751,3.48,28.5,11.2,UNIDAD SOCIAL CRISTIANA
58,PARAISO,29,URBANO,M,NO DEPENDIENTE,V. BUEN ESTADO,V. NO HACINADA,ALFABETIZADO,8.3,EDUCACION REGULAR INACTIVA,EMPLEADO,NO ASEGURADO,NO EXTRANJERO,NO DISCAPACITADO,57743,411.9,140,14626,3.94,26.0,4.9,REPUBLICANO SOCIAL CRISTIANO
59,DESAMPARADOS,30,URBANO,F,NO DEPENDIENTE,V. BUEN ESTADO,V. NO HACINADA,ALFABETIZADO,9.6,EDUCACION REGULAR INACTIVA,EMPLEADO,NO ASEGURADO,NO EXTRANJERO,NO DISCAPACITADO,208411,118.3,1762,57355,3.62,34.2,6.9,ACCESIBILIDAD SIN EXCLUSION
60,NANDAYURE,25,URBANO,M,NO DEPENDIENTE,V. MAL ESTADO,V. NO HACINADA,ALFABETIZADO,8.7,EDUCACION REGULAR INACTIVA,DESEMPLEADO,NO ASEGURADO,NO EXTRANJERO,NO DISCAPACITADO,11121,565.6,20,3307,3.35,23.8,11.2,UNIDAD SOCIAL CRISTIANA
61,SAN ISIDRO,48,URBANO,M,NO DEPENDIENTE,V. MAL ESTADO,V. NO HACINADA,ALFABETIZADO,10.5,EDUCACION REGULAR INACTIVA,EMPLEADO,NO ASEGURADO,NO EXTRANJERO,NO DISCAPACITADO,20633,27.0,765,5807,3.54,28.5,11.9,ACCION CIUDADANA
62,LIMON,52,URBANO,M,NO DEPENDIENTE,V. MAL ESTADO,V. NO HACINADA,ALFABETIZADO,7.0,EDUCACION REGULAR INACTIVA,DESEMPLEADO,ASEGURADO,NO EXTRANJERO,NO DISCAPACITADO,94415,1765.8,53,26666,3.52,32.7,4.4,UNIDAD SOCIAL CRISTIANA
63,MONTES DE ORO,29,URBANO,M,NO DEPENDIENTE,V. BUEN ESTADO,V. NO HACINADA,ALFABETIZADO,6.9,EDUCACION REGULAR INACTIVA,DESEMPLEADO,NO ASEGURADO,NO EXTRANJERO,NO DISCAPACITADO,12950,244.8,53,3929,3.29,24.8,8.4,LIBERACION NACIONAL
64,NICOYA,19,URBANO,M,NO DEPENDIENTE,V. BUEN ESTADO,V. NO HACINADA,ALFABETIZADO,9.0,EDUCACION REGULAR INACTIVA,EMPLEADO,NO ASEGURADO,NO EXTRANJERO,DISCAPACITADO,50825,1333.7,38,15038,3.38,30.7,5.9,LIBERACION NACIONAL
65,HEREDIA,34,URBANO,F,NO DEPENDIENTE,V. MAL ESTADO,V. NO HACINADA,ALFABETIZADO,10.2,EDUCACION REGULAR INACTIVA,DESEMPLEADO,NO ASEGURADO,NO EXTRANJERO,NO DISCAPACITADO,123616,282.6,437,35216,3.5,34.9,9.2,LIBERACION NACIONAL
66,SAN JOSE,56,URBANO,M,NO DEPENDIENTE,V. MAL ESTADO,V. NO HACINADA,ALFABETIZADO,10.2,EDUCACION REGULAR INACTIVA,EMPLEADO,NO ASEGURADO,EXTRANJERO,NO DISCAPACITADO,288054,44.6,6456,81903,3.5,39.6,6.9,UNIDAD SOCIAL CRISTIANA
67,CARTAGO,54,URBANO,F,NO DEPENDIENTE,V. BUEN ESTADO,V. NO HACINADA,ALFABETIZADO,7.6,EDUCACION REGULAR INACTIVA,DESEMPLEADO,NO ASEGURADO,NO EXTRANJERO,NO DISCAPACITADO,147898,287.8,514,38618,3.8,28.7,6.4,ACCION CIUDADANA
68,DESAMPARADOS,27,URBANO,F,NO DEPENDIENTE,V. MAL ESTADO,V. NO HACINADA,ALFABETIZADO,9.6,EDUCACION REGULAR INACTIVA,DESEMPLEADO,NO ASEGURADO,NO EXTRANJERO,NO DISCAPACITADO,208411,118.3,1762,57355,3.62,34.2,6.9,LIBERACION NACIONAL
69,CARTAGO,45,NO URBANO,F,NO DEPENDIENTE,V. BUEN ESTADO,V. HACINADA,ALFABETIZADO,11.8,EDUCACION REGULAR INACTIVA,EMPLEADO,NO ASEGURADO,NO EXTRANJERO,NO DISCAPACITADO,147898,287.8,514,38618,3.8,28.7,6.4,REPUBLICANO SOCIAL CRISTIANO
70,MONTES DE OCA,54,URBANO,F,NO DEPENDIENTE,V. BUEN ESTADO,V. NO HACINADA,ALFABETIZADO,10.2,EDUCACION REGULAR INACTIVA,EMPLEADO,NO ASEGURADO,NO EXTRANJERO,NO DISCAPACITADO,49132,15.2,3241,16589,2.94,40.4,9.9,LIBERACION NACIONAL
71,OREAMUNO,35,URBANO,F,NO DEPENDIENTE,V. BUEN ESTADO,V. NO HACINADA,ALFABETIZADO,6.8,EDUCACION REGULAR INACTIVA,DESEMPLEADO,NO ASEGURADO,NO EXTRANJERO,NO DISCAPACITADO,45473,201.3,226,11232,4.04,26.0,7.2,REPUBLICANO SOCIAL CRISTIANO
72,SAN JOSE,59,URBANO,F,NO DEPENDIENTE,V. BUEN ESTADO,V. NO HACINADA,NO ALFABETIZADO,8.2,EDUCACION REGULAR INACTIVA,EMPLEADO,NO ASEGURADO,NO EXTRANJERO,NO DISCAPACITADO,288054,44.6,6456,81903,3.5,39.6,6.9,INTEGRACION NACIONAL
73,NARANJO,33,URBANO,M,NO DEPENDIENTE,V. MAL ESTADO,V. NO HACINADA,ALFABETIZADO,6.5,EDUCACION REGULAR INACTIVA,EMPLEADO,NO ASEGURADO,NO EXTRANJERO,DISCAPACITADO,42713,126.6,337,11678,3.65,26.4,7.2,ACCION CIUDADANA
74,POCOCI,38,NO URBANO,F,NO DEPENDIENTE,V. MAL ESTADO,V. NO HACINADA,ALFABETIZADO,9.6,EDUCACION REGULAR INACTIVA,EMPLEADO,NO ASEGURADO,NO EXTRANJERO,NO DISCAPACITADO,125962,2403.5,52,36238,3.46,26.5,6.3,RESTAURACION NACIONAL
75,OREAMUNO,25,URBANO,F,NO DEPENDIENTE,V. BUEN ESTADO,V. NO HACINADA,ALFABETIZADO,10.8,EDUCACION REGULAR INACTIVA,EMPLEADO,NO ASEGURADO,NO EXTRANJERO,NO DISCAPACITADO,45473,201.3,226,11232,4.04,26.0,7.2,LIBERACION NACIONAL
76,SARAPIQUI,34,NO URBANO,F,NO DEPENDIENTE,V. MAL ESTADO,V. NO HACINADA,ALFABETIZADO,8.4,EDUCACION REGULAR INACTIVA,DESEMPLEADO,NO ASEGURADO,NO EXTRANJERO,NO DISCAPACITADO,57147,2140.5,27,15768,3.6,24.0,5.9,RESTAURACION NACIONAL
77,SARAPIQUI,56,NO URBANO,F,NO DEPENDIENTE,V. MAL ESTADO,V. NO HACINADA,ALFABETIZADO,4.6,EDUCACION REGULAR INACTIVA,DESEMPLEADO,NO ASEGURADO,NO EXTRANJERO,NO DISCAPACITADO,57147,2140.5,27,15768,3.6,24.0,5.9,RESTAURACION NACIONAL
78,ALAJUELA,21,URBANO,F,NO DEPENDIENTE,V. BUEN ESTADO,V. NO HACINADA,ALFABETIZADO,10.4,EN EDUCACION REGULAR,DESEMPLEADO,NO ASEGURADO,NO EXTRANJERO,NO DISCAPACITADO,254886,388.4,656,72031,3.49,28.2,7.6,RESTAURACION NACIONAL
79,ALAJUELA,29,URBANO,F,NO DEPENDIENTE,V. BUEN ESTADO,V. NO HACINADA,NO ALFABETIZADO,9.4,EDUCACION REGULAR INACTIVA,DESEMPLEADO,NO ASEGURADO,NO EXTRANJERO,NO DISCAPACITADO,254886,388.4,656,72031,3.49,28.2,7.6,NUEVA GENERACION
80,OREAMUNO,37,URBANO,M,NO DEPENDIENTE,V. BUEN ESTADO,V. NO HACINADA,ALFABETIZADO,9.8,EDUCACION REGULAR INACTIVA,EMPLEADO,NO ASEGURADO,NO EXTRANJERO,NO DISCAPACITADO,45473,201.3,226,11232,4.04,26.0,7.2,INTEGRACION NACIONAL
81,BARVA,50,URBANO,F,NO DEPENDIENTE,V. BUEN ESTADO,V. NO HACINADA,ALFABETIZADO,8.8,EDUCACION REGULAR INACTIVA,EMPLEADO,NO ASEGURADO,NO EXTRANJERO,NO DISCAPACITADO,40660,53.8,756,11291,3.59,27.4,9.5,UNIDAD SOCIAL CRISTIANA
82,SAN JOSE,47,URBANO,F,NO DEPENDIENTE,V. BUEN ESTADO,V. NO HACINADA,ALFABETIZADO,9.3,EDUCACION REGULAR INACTIVA,DESEMPLEADO,NO ASEGURADO,NO EXTRANJERO,NO DISCAPACITADO,288054,44.6,6456,81903,3.5,39.6,6.9,ACCION CIUDADANA
83,ALAJUELA,52,URBANO,M,NO DEPENDIENTE,V. MAL ESTADO,V. NO HACINADA,ALFABETIZADO,7.4,EDUCACION REGULAR INACTIVA,EMPLEADO,NO ASEGURADO,NO EXTRANJERO,NO DISCAPACITADO,254886,388.4,656,72031,3.49,28.2,7.6,LIBERACION NACIONAL
84,GOICOECHEA,62,URBANO,F,NO DEPENDIENTE,V. MAL ESTADO,V. NO HACINADA,ALFABETIZADO,10.7,EDUCACION REGULAR INACTIVA,EMPLEADO,NO ASEGURADO,NO EXTRANJERO,NO DISCAPACITADO,115084,31.5,3653,32520,3.53,37.1,7.3,UNIDAD SOCIAL CRISTIANA
85,LA CRUZ,35,NO URBANO,F,NO DEPENDIENTE,V. MAL ESTADO,V. NO HACINADA,ALFABETIZADO,9.1,EDUCACION REGULAR INACTIVA,DESEMPLEADO,NO ASEGURADO,EXTRANJERO,NO DISCAPACITADO,19181,1383.9,14,4732,4.05,27.6,7.3,INTEGRACION NACIONAL
86,HEREDIA,56,URBANO,M,NO DEPENDIENTE,V. BUEN ESTADO,V. NO HACINADA,ALFABETIZADO,7.4,EDUCACION REGULAR INACTIVA,EMPLEADO,NO ASEGURADO,NO EXTRANJERO,DISCAPACITADO,123616,282.6,437,35216,3.5,34.9,9.2,ACCION CIUDADANA
87,ALAJUELA,22,URBANO,F,NO DEPENDIENTE,V. BUEN ESTADO,V. NO HACINADA,ALFABETIZADO,10.4,EN EDUCACION REGULAR,EMPLEADO,NO ASEGURADO,NO EXTRANJERO,NO DISCAPACITADO,254886,388.4,656,72031,3.49,28.2,7.6,RESTAURACION NACIONAL
88,CARTAGO,46,URBANO,F,NO DEPENDIENTE,V. MAL ESTADO,V. NO HACINADA,ALFABETIZADO,10.8,EDUCACION REGULAR INACTIVA,DESEMPLEADO,NO ASEGURADO,NO EXTRANJERO,NO DISCAPACITADO,147898,287.8,514,38618,3.8,28.7,6.4,UNIDAD SOCIAL CRISTIANA
89,UPALA,18,NO URBANO,F,NO DEPENDIENTE,V. BUEN ESTADO,V. NO HACINADA,ALFABETIZADO,7.0,EDUCACION REGULAR INACTIVA,EMPLEADO,NO ASEGURADO,NO EXTRANJERO,NO DISCAPACITADO,43953,1580.7,28,11518,3.81,24.9,7.7,RESTAURACION NACIONAL
90,SAN JOSE,30,URBANO,M,NO DEPENDIENTE,V. MAL ESTADO,V. NO HACINADA,ALFABETIZADO,10.3,EDUCACION REGULAR INACTIVA,EMPLEADO,NO ASEGURADO,EXTRANJERO,NO DISCAPACITADO,288054,44.6,6456,81903,3.5,39.6,6.9,RESTAURACION NACIONAL
91,HEREDIA,29,URBANO,M,NO DEPENDIENTE,V. BUEN ESTADO,V. NO HACINADA,ALFABETIZADO,10.2,EDUCACION REGULAR INACTIVA,DESEMPLEADO,NO ASEGURADO,NO EXTRANJERO,NO DISCAPACITADO,123616,282.6,437,35216,3.5,34.9,9.2,UNIDAD SOCIAL CRISTIANA
92,SAN JOSE,45,URBANO,M,NO DEPENDIENTE,V. BUEN ESTADO,V. NO HACINADA,ALFABETIZADO,11.3,EDUCACION REGULAR INACTIVA,EMPLEADO,NO ASEGURADO,NO EXTRANJERO,NO DISCAPACITADO,288054,44.6,6456,81903,3.5,39.6,6.9,ALIANZA DEMOCRATA CRISTIANA
93,ACOSTA,62,NO URBANO,F,NO DEPENDIENTE,V. MAL ESTADO,V. NO HACINADA,ALFABETIZADO,6.0,EDUCACION REGULAR INACTIVA,DESEMPLEADO,NO ASEGURADO,NO EXTRANJERO,NO DISCAPACITADO,20209,342.2,59,5871,3.44,26.5,4.9,UNIDAD SOCIAL CRISTIANA
94,ALAJUELITA,54,URBANO,M,NO DEPENDIENTE,V. BUEN ESTADO,V. NO HACINADA,ALFABETIZADO,8.6,EDUCACION REGULAR INACTIVA,EMPLEADO,NO ASEGURADO,EXTRANJERO,NO DISCAPACITADO,77603,21.2,3666,19832,3.91,36.3,5.8,LIBERACION NACIONAL
95,ALAJUELA,27,URBANO,F,NO DEPENDIENTE,V. MAL ESTADO,V. NO HACINADA,ALFABETIZADO,7.4,EN EDUCACION REGULAR,DESEMPLEADO,NO ASEGURADO,NO EXTRANJERO,NO DISCAPACITADO,254886,388.4,656,72031,3.49,28.2,7.6,UNIDAD SOCIAL CRISTIANA
96,ALAJUELA,55,URBANO,M,NO DEPENDIENTE,V. BUEN ESTADO,V. NO HACINADA,ALFABETIZADO,6.4,EN EDUCACION REGULAR,EMPLEADO,NO ASEGURADO,NO EXTRANJERO,NO DISCAPACITADO,254886,388.4,656,72031,3.49,28.2,7.6,LIBERACION NACIONAL
97,LA UNION,32,URBANO,M,NO DEPENDIENTE,V. BUEN ESTADO,V. NO HACINADA,ALFABETIZADO,12.2,EDUCACION REGULAR INACTIVA,DESEMPLEADO,NO ASEGURADO,EXTRANJERO,NO DISCAPACITADO,99399,44.8,2217,26979,3.67,31.5,8.4,UNIDAD SOCIAL CRISTIANA
98,DESAMPARADOS,44,URBANO,F,NO DEPENDIENTE,V. BUEN ESTADO,V. NO HACINADA,ALFABETIZADO,7.6,EDUCACION REGULAR INACTIVA,EMPLEADO,NO ASEGURADO,NO EXTRANJERO,NO DISCAPACITADO,208411,118.3,1762,57355,3.62,34.2,6.9,REPUBLICANO SOCIAL CRISTIANO
99,CARTAGO,55,URBANO,F,NO DEPENDIENTE,V. BUEN ESTADO,V. NO HACINADA,ALFABETIZADO,9.6,EDUCACION REGULAR INACTIVA,DESEMPLEADO,NO ASEGURADO,NO EXTRANJERO,NO DISCAPACITADO,147898,287.8,514,38618,3.8,28.7,6.4,LIBERACION NACIONAL
